<?xml version="1.0" encoding="ISO-8859-1"?>

<hazelcast-client xsi:schemaLocation="http://www.hazelcast.com/schema/client-config hazelcast-client-config-3.6.xsd"
                  xmlns="http://www.hazelcast.com/schema/client-config"
                  xmlns:xsi="http://www.w3.org/2001/XMLSchema-instance">
    <network>
        <cluster-members>
            <address>10.100.1.212</address>
        </cluster-members>
        <smart-routing>true</smart-routing>
        <redo-operation>true</redo-operation>
        <socket-interceptor enabled="true">
            <class-name>com.hazelcast.XYZ</class-name>
            <properties>
                <property name="kerberos-host">kerb-host-name</property>
                <property name="kerberos-config-file">kerb.conf</property>
            </properties>
        </socket-interceptor>

        <aws enabled="true" connection-timeout-seconds="11" >
            <inside-aws>false</inside-aws>
            <access-key>my-access-key</access-key>
            <secret-key>my-secret-key</secret-key>
            <iam-role>s3access</iam-role>
            <region>us-west-1</region>
            <host-header>ec2.amazonaws.com</host-header>
            <security-group-name>hazelcast-sg</security-group-name>
            <tag-key>type</tag-key>
            <tag-value>hz-nodes</tag-value>
        </aws>

    </network>
    <near-cache name="customersNBS">
        <max-size>2000</max-size>
        <time-to-live-seconds>0</time-to-live-seconds>
        <max-idle-seconds>0</max-idle-seconds>
        <eviction-policy>LFU</eviction-policy>
        <invalidate-on-change>true</invalidate-on-change>
        <in-memory-format>OBJECT</in-memory-format>
    </near-cache>
</hazelcast-client>







