<?xml version="1.0" encoding="ISO-8859-1"?>

<hazelcast-client xsi:schemaLocation=
                          "http://www.hazelcast.com/schema/client-config hazelcast-client-config-<version>.xsd"
                  xmlns="http://www.hazelcast.com/schema/client-config"
                  xmlns:xsi="http://www.w3.org/2001/XMLSchema-instance">
    <network>
        <cluster-members>
            <address>127.0.0.1</address>
            <address>127.0.0.2</address>
        </cluster-members>
        <smart-routing>true</smart-routing>
        <redo-operation>true</redo-operation>
        <socket-interceptor enabled="true">
            <class-name>com.hazelcast.XYZ</class-name>
            <properties>
                <property name="kerberos-host">kerb-host-name</property>
                <property name="kerberos-config-file">kerb.conf</property>
            </properties>
        </socket-interceptor>

        <aws enabled="true" connection-timeout-seconds="11" >
        <inside-aws>false</inside-aws>
        <access-key>my-access-key</access-key>
        <secret-key>my-secret-key</secret-key>
        <iam-role>s3access</iam-role>
        <region>us-west-1</region>
        <host-header>ec2.amazonaws.com</host-header>
        <security-group-name>hazelcast-sg</security-group-name>
        <tag-key>type</tag-key>
        <tag-value>hz-nodes</tag-value>
        </aws>

            </network>

</hazelcast-client>







